Facility Type,Facility Gallery,Facility Number,Facility Name,Licensee,Facility Administrator,Facility Telephone Number,Facility Address,Facility City,Facility State,Facility Zip,County Name,Regional Office,Facility Capacity,Facility Status,License First Date,Closed Date,Last Visit Date,Inspection Visits,Complaint Visits,Other Visits,Total Visits,Citation Numbers,POC Dates,All Visit Dates,Inspection Visit Dates,Inspect TypeA,Inspect TypeB,Other Visit Dates,Other TypeA,Other TypeB,"Complaint Info- Date, #Sub Aleg, # Inc Aleg, # Uns Aleg, # TypeA, # TypeB ..."
SCHOOL AGE DAY CARE CENTER1,http://localhost/PracticeWP/wp-content/uploads/2019/10/gradient-blue-abstract-background_1159-3090-1.jpg | http://localhost/PracticeWP/wp-content/uploads/2019/10/150-watt-dummy-load-500x500.jpg,304370895,"1ST CHOICE CREATIVEDU, INC.","1ST CHOICE CREATIVEDU, INC.","KONG, MICHELLE",(714) 853-3372,5832 FULLERTON AVENUE,BUENA PARK,CA,90621,ORANGE,6,32,CLOSED,,7/3/2015,,0,0,0,0,,,,,0,0,,0,0,No Complaints
SCHOOL AGE DAY CARE CENTER2,,304370895,"1ST CHOICE CREATIVEDU, INC.","1ST CHOICE CREATIVEDU, INC.","KONG, MICHELLE",(714) 853-3372,5832 FULLERTON AVENUE,BUENA PARK,CA,90621,ORANGE,6,32,CLOSED,,7/3/2015,,0,0,0,0,,,,,0,0,,0,0,No Complaints
SCHOOL AGE DAY CARE CENTER3,,304370895,"1ST CHOICE CREATIVEDU, INC.","1ST CHOICE CREATIVEDU, INC.","KONG, MICHELLE",(714) 853-3372,5832 FULLERTON AVENUE,BUENA PARK,CA,90621,ORANGE,6,32,CLOSED,,7/3/2015,,0,0,0,0,,,,,0,0,,0,0,No Complaints
SCHOOL AGE DAY CARE CENTER4,,304370895,"1ST CHOICE CREATIVEDU, INC.","1ST CHOICE CREATIVEDU, INC.","KONG, MICHELLE",(714) 853-3372,5832 FULLERTON AVENUE,BUENA PARK,CA,90621,ORANGE,6,32,CLOSED,,7/3/2015,,0,0,0,0,,,,,0,0,,0,0,No Complaints
SCHOOL AGE DAY CARE CENTER4,http://localhost/PracticeWP/wp-content/uploads/2019/10/84778930-dark-grey-black-slate-texture-in-natural-patterns-with-high-resolution-for-background-and-design-art.jpg,304370895,"1ST CHOICE CREATIVEDU, INC.","1ST CHOICE CREATIVEDU, INC.","KONG, MICHELLE",(714) 853-3372,5832 FULLERTON AVENUE,BUENA PARK,CA,90621,ORANGE,6,32,CLOSED,,7/3/2015,,0,0,0,0,,,,,0,0,,0,0,No Complaints
